{
  "project_info": {
    "project_number": "68802493909",
    "project_id": "cavesurvivor-81a5b",
    "storage_bucket": "cavesurvivor-81a5b.firebasestorage.app"
  },
  "client": [
    {
      "client_info": {
        "mobilesdk_app_id": "1:68802493909:android:fe7a59500b503e6d1f515c",
        "android_client_info": {
          "package_name": "com.example.juego2d_exe"
        }
      },
      "oauth_client": [],
      "api_key": [
        {
          "current_key": "AIzaSyCEY3RQDeTuWZffQXACkoYk3yI0KQzjCPk"
        }
      ],
      "services": {
        "appinvite_service": {
          "other_platform_oauth_client": []
        }
      }
    }
  ],
  "configuration_version": "1"
}